airline|country|IATA|ICAO|callsign
1Time Airline|South Africa|1T|RNX|NEXTIME
40-Mile Air|United States|Q5|MLA|MILE-AIR
Aban Air|Iran|K5|ABE|ABAN
Abelag Aviation|Belgium|W9|AAB|ABG
ABSA - Aerolinhas Brasileiras|Brazil|M3|TUS|ABSA Cargo
Abu Dhabi Amiri Flight|United Arab Emirates|MO|AUH|SULTAN
ABX Air|United States|GB|ABX|ABEX
Access Air|United States|ZA|CYD|CYCLONE
ACES Colombia|Colombia|VX|AES|ACES
Ada Air|Albania|ZY|ADE|ADA AIR
Adam Air|Indonesia|KI|DHI|ADAM SKY
ADC Airlines|Nigeria|Z7|ADK|ADCO
Adria Airways|Slovenia|JP|ADR|ADRIA
Aegean Airlines|Greece|A3|AEE|AEGEAN
Aer Arann|Ireland|RE|REA|AER ARANN
Aer Lingus|Ireland|EI|EIN|SHAMROCK
Aero 2000|Argentina|4M|DSM|LAN AR
Aero Airlines|Estonia|EE|EAY|REVAL
Aero Asia International|Pakistan|E4|RSO|AERO ASIA
Aero Benin|Benin|EM|AEB|AEROBEN
Aero California|Mexico|JR|SER|AEROCALIFORNIA
Aero Condor Peru|Peru|Q6|CDP|CONDOR-PERU
Aero Contractors|Nigeria|AJ|NIG|AEROLINE
Aero Flight|Germany|GV|ARF|Aero Fox
Aero Lanka|Sri Lanka|QL|RLN|AERO LANKA
Aero Services Executive|France|W4|BES|BIRD EXPRESS
Aero VIP|Argentina|2D|AOG|AVIP
Aero-Charter Ukraine|Ukraine|DW|UCR|CHARTER UKRAINE
Aero-Service|Republic of the Congo|BF|RSR|CONGOSERV
Aerocondor|Portugal|2B|ARD|AEROCONDOR
Aeroflot Russian Airlines|Russia|SU|AFL|AEROFLOT
Aeroflot-Don|Russia|D9|DNV|DONAVIA
Aerogal|Ecuador|2K|GLG|AEROGAL
Aerolane|Ecuador|XL|LNE|LAN ECUADOR
Aerolineas Argentinas|Argentina|AR|ARG|ARGENTINA
Aerolitoral|Mexico|5D|SLI|COSTERA
Aerologic|Germany|3S|BOX|GERMAN CARGO
Aeromar|Dominican Republic|BQ|ROM|BRAVO QUEBEC
Aeroméxico|Mexico|AM|AMX|AEROMEXICO
Aeromexpress|Mexico|QO|MPX|AEROMEXPRESS
Aeromist-Kharkiv|Ukraine|HT|AHW|AEROMIST
Aeropelican Air Services|Australia|OT|PEL|PELICAN
Aeroperú|Peru|PL|PLI|Aeroperu
AeroRepública|Colombia|P5|RPB|AEROREPUBLICA
Aerosur|Bolivia|5L|ASU|AEROSUR
Aerosvit Airlines|Ukraine|VV|AEW|AEROSVIT
Africa West|Togo|FK|WTA|WEST TOGO
African Safari Airways|Kenya|QS|QSC|ZEBRA
Afriqiyah Airways|Libya|8U|AAW|AFRIQIYAH
Aigle Azur|France|ZI|AAF|AIGLE AZUR
Air Algérie|Algeria|AH|DAH|AIR ALGERIE
Air Alpha Greenland|Denmark|GD|AHA|AIR ALPHA
Air Alps Aviation|Austria|A6|LPV|ALPAV
Air Arabia|United Arab Emirates|G9|ABY|ARABIA
Air Armenia|Armenia|QN|ARR|AIR ARMENIA
Air Astana|Kazakhstan|KC|KZR|ASTANALINE
Air Atlanta Icelandic|Iceland|CC|ABD|ATLANTA
Air Atlantique|United Kingdom|KI|AAG|ATLANTIC
Air Austral|France|UU|REU|REUNION
Air Bagan|Myanmar|W9|JAB|AIR BAGAN
Air Baltic|Latvia|BT|BTI|AIRBALTIC
Air Bangladesh|Bangladesh|B9|BGD|AIR BANGLA
Air Berlin|Germany|AB|BER|AIR BERLIN
Air Bosna|Bosnia and Herzegovina|JA|BON|AIR BOSNA
Air Botswana|Botswana|BP|BOT|BOTSWANA
Air Bourbon|Reunion|ZB|BUB|BOURBON
Air Burkina|Burkina Faso|2J|VBW|BURKINA
Air Burundi|Burundi|8Y|PBU|AIR-BURUNDI
Air Calédonie|France|TY|TPC|AIRCAL
Air Caledonie International|France|SB|ACI|AIRCALIN
Air Canada|Canada|AC|ACA|AIR CANADA
Air Canada Jazz|Canada|QK|JZA|JAZZ
Air Caraïbes|France|TX|FWI|FRENCH WEST
Air Cargo Carriers|United States|2Q|SNC|NIGHT CARGO
Air Central|Japan|NV|CRF|AIR CENTRAL
Air Chathams|New Zealand|CV|CVA|CHATHAM
Air China|China|CA|CCA|AIR CHINA
Air City|Germany|4F|ECE|AIRCITY
Air Class Líneas Aéreas|Uruguay|QD|QCL|ACLA
Air Comores International|Comoros|GG|HAH|AIR COMORES
Air Contractors|Ireland|AG|ABR|CONTRACT
Air Corridor|Mozambique|QC|CRD|AIR CORRIDOR
Air D'Ayiti|Haiti|H9|HAD|HAITI AVIA
Air Dolomiti|Italy|EN|DLA|DOLOMOTI
Air Europa|Spain|UX|AEA|EUROPA
Air Europe|Italy|PE|AEL|AIR EUROPE
Air Exel|Netherlands|XT|AXL|EXEL COMMUTER
Air Fiji|Fiji|PC|FAJ|FIJIAIR
Air Finland|Finland|OF|FIF|AIR FINLAND
Air Florida|United States|QH|FLZ|AIR FLORIDA
Air Foyle|United Kingdom|GS|UPA|FOYLE
Air France|France|AF|AFR|AIRFRANS
Air Gabon|Gabon|GN|AGN|GOLF NOVEMBER
Air Georgia|Georgia|DA|GRG|AIR GEORGIA
Air Georgian|Canada|ZX|GGN|GEORGIAN
Air Glaciers|Switzerland|7T|AGV|AIR GLACIERS
Air Greenland|Denmark|GL|GRL|GREENLAND
Air Guinee Express|Guinea|2U|GIP|FUTURE EXPRESS
Air Guyane|French Guiana|GG|GUY|GREEN BIRD
Air Holland|Netherlands|HD|HLN|ORANGE
Air Hong Kong|Hong Kong|LD|AHK|AIR HONG KONG
Air Horizon|Togo|8C|HZT|HORIZON TOGO
Air Iceland|Iceland|NY|FXI|FAXI
Air India Express|India|IX|AXB|EXPRESS INDIA
Air India Limited|India|AI|AIC|AIRINDIA
Air Italy|Italy|I9|AEY|AIR ITALY
Air Ivoire|Ivory Coast|VU|VUN|AIRIVOIRE
Air Jamaica|Jamaica|JM|AJM|JAMAICA
Air Japan|Japan|NQ|AJX|AIR JAPAN
Air Lithuania|Lithuania|TT|KLA|KAUNAS
Air Luxor|Portugal|LK|LXR|AIRLUXOR
Air Luxor GB|Guinea-Bissau|L8|LXG|LUXOR GOLF
Air Macau|Macao|NX|AMU|AIR MACAO
Air Madagascar|Madagascar|MD|MDG|AIR MADAGASCAR
Air Madrid|Spain|NM|DRD|ALADA AIR
Air Malawi|Malawi|QM|AML|MALAWI
Air Malta|Malta|KM|AMC|AIR MALTA
Air Marshall Islands|Marshall Islands|CW|CWM|AIR MARSHALLS
Air Mauritanie|Mauritania|MR|MRT|MIKE ROMEO
Air Mauritius|Mauritius|MK|MAU|AIRMAURITIUS
Air Mediterranee|France|DR|BIE|MEDITERRANEE
Air Midwest|United States|ZV|AMW|AIR MIDWEST
Air Mobility Command|United States|MC|RCH|REACH
Air Moldova|Moldova|9U|MLD|AIR MOLDOVA
Air Namibia|Namibia|SW|NMB|NAMIBIA
Air New Zealand|New Zealand|NZ|ANZ|NEW ZEALAND
Air Nippon|Japan|EL|ANK|ANK AIR
Air Nippon Network Co. Ltd.|Japan|EH|AKX|ALFA WING
Air Niugini|Papua New Guinea|PX|ANG|NUIGINI
Air North Charter - Canada|Canada|4N|ANT|AIR NORTH
Air Nostrum|Spain|YW|ANE|AIR NOSTRUM
Air One|Italy|AP|ADH|HERON
Air Pacific|Fiji|FJ|FJI|PACIFIC
Air Paradise International|Indonesia|AD|PRZ|RADISAIR
Air Philippines|Philippines|2P|GAP|ORIENT PACIFIC
Air Plus Comet|Spain|A7|MPD|RED COMET
Air Rarotonga|Cook Islands|GZ|RAR|AIR RAROTONGA
Air Sahara|India|S2|RSH|SAHARA
Air Salone|Sierra Leone|2O|RNE|AIR SALONE
Air Santo Domingo|Dominican Republic|EX|SDO|AERO DOMINGO
Air São Tomé and Príncipe|Air São Tomé and Príncipe|KY|EQL|EQUATORIAL
Air Senegal International|Senegal|V7|SNG|AIR SENEGAL
Air Service|Macedonia|M3|SPJ|AIR SKOPJE
Air Seychelles|Seychelles|HM|SEY|SEYCHELLES
Air Sinai|Egypt|4D|ASD|AIR SINAI
Air Slovakia|Slovakia|GM|SVK|SLOVAKIA
Air Southwest|United Kingdom|SZ|WOW|SWALLOW
Air Srpska|Bosnia and Herzegovina|RB|SBK|Air Srpska
Air Tahiti|French Polynesia|VT|VTA|AIR TAHITI
Air Tahiti Nui|France|TN|THT|TAHITI AIRLINES
Air Tanzania|Tanzania|TC|ATC|TANZANIA
Air Togo|Togo|YT|TGA|AIR TOGO
Air Transat|Canada|TS|TSC|AIR TRANSAT
Air Transport International|United States|8C|ATN|AIR TRANSPORT
Air Turks and Caicos|Turks and Caicos Islands|JY|TCI|KERRMONT
Air Uganda|Uganda|U7|UGA|UGANDA
Air Ukraine|Ukraine|6U|UKR|AIR UKRAINE
Air Urga|Ukraine|3N|URG|URGA
Air Vanuatu|Vanuatu|NF|AVN|AIR VAN
Air Vegas|United States|6V|VGA|AIR VEGAS
Air Volga|Russia|G6|WLG|GOUMRAK
Air Wales|United Kingdom|6G|AWW|RED DRAGON
Air Wisconsin|United States|ZW|AWI|AIR WISCONSIN
Air Zimbabwe|Zimbabwe|UM|AZW|AIR ZIMBABWE
air-taxi europe|Germany|TZ|TWG|TWINGOOSE
AirAsia|Malaysia|AK|AXM|ASIAN EXPRESS
Airasia X|Malaysia|D7|XAX|XANADU
Airblue|Pakistan|ED|ABQ|PAKBLUE
Airborne Express|United States|GB|ABX|ABEX
AirBridge Cargo|Russia|RU|ABW|AIRBRIDGE CARGO
Airbus France|France|4Y|RBU|AIRBUS FRANCE
Airbus Industrie|France|AP|AIB|AIRBUS INDUSTRIE
Aircompany Yakutia|Russia|R3|SYL|AIR YAKUTIA
Aires, Aerovías de Integración Regional, S.A.|Colombia|4C|ARE|AIRES
Airlinair|France|A5|RLA|AIRLINAIR
Airlines of Tasmania|Australia|FO|ATM|AIRTAS
Airlines PNG|Papua New Guinea|CG|TOK|BALUS
Airnorth|Australia|TL|ANO|TOPEND
Airstars|Russia|PL|ASE|MOROZOV
AirTran Airways|United States|FL|TRS|CITRUS
Alaska Airlines, Inc.|United States|AS|ASA|ALASKA
Alaska Central Express|United States|KO|AER|ACE AIR
Albanian Airlines|Albania|LV|LBC|ALBANIAN
Albarka Air|Nigeria|F4|NBK|AL-AIR
Alidaunia|Italy|D4|LID|ALIDA
Alitalia|Italy|AZ|AZA|ALITALIA
All Nippon Airways|Japan|NH|ANA|ALL NIPPON
Allegiant Air|United States|G4|AAY|ALLEGIANT
Allegro|Mexico|LL|GRO|ALLEGRO
Alliance Air|India|CD|LLR|ALLIED
Alliance Airlines|Australia|QQ|UTY|UNITY
Aloha Airlines|United States|AQ|AAH|ALOHA
Alpi Eagles|Italy|E8|ELG|ALPI EAGLES
Alpine Air Express|United States|5A|AIP|ALPINE AIR
Alrosa Mirny Air Enterprise|Russia|6R|DRU|MIRNY
Amadeus Global Travel Distribution|Spain|1A|AGT|AMADEUS
Amber Air|Lithuania|0A|GNT|GINTA
America West Airlines|United States|HP|AWE|CACTUS
American Airlines|United States|AA|AAL|AMERICAN
American Eagle Airlines|United States|MQ|EGF|EAGLE FLIGHT
American Falcon|Argentina|WK|AFB|AMERICAN FALCON
Amerijet International|United States|M6|AJT|AMERIJET
Ansett Australia|Australia|AN|AAA|ANSETT
Antinea Airlines|Algeria|HO|DJA|ANTINEA
Antrak Air|Ghana|O4|ABV|ANTRAK
AOM French Airlines|France|IW|AOM|French Lines
Arctic Circle Air Service|United States|5F|CIR|AIR ARCTIC
Arcus-Air Logistic|Germany|ZE|AZE|ARCUS AIR
Ariana Afghan Airlines|Afghanistan|FG|AFG|ARIANA
Arkefly|Netherlands|OR|TFL|ARKEFLY
Arkia Israel Airlines|Israel|IZ|AIZ|ARKIA
Armavia|Armenia|U8|RNV|ARMAVIA
Armenian Airlines|Armenia|R3|RME|ARMENIAN
Arrow Air|United States|JW|APW|BIG A
Aserca Airlines|Venezuela|R7|OCA|AROSCA
Asia Overnight Express|Philippines|OE|AOT|ASIA OVERNIGHT
Asian Express Airlines|Australia|HJ|AXF|FREIGHTEXPRESS
Asian Spirit|Philippines|6K|RIT|ASIAN SPIRIT
Asiana Airlines|Republic of Korea|OZ|AAR|ASIANA
Askari Aviation|Pakistan|4K|AAS|AL-AAS
Astar Air Cargo|United States|ER|DHL|D-H-L
Astraeus|United Kingdom|5W|AEU|FLYSTAR
Astrakhan Airlines|Russia|OB|ASZ|AIR ASTRAKHAN
Astral Aviation|Kenya|8V|ACP|ASTRAL CARGO
ATA Airlines|United States|TZ|AMT|AMTRAN
Atlant-Soyuz Airlines|Russia|3G|AYZ|ATLANT-SOYUZ
Atlantic Airways|Faroe Islands|RC|FLI|FAROELINE
Atlantic Southeast Airlines|United States|EV|ASQ|ACEY
Atlas Air|United States|5Y|GTI|GIANT
Atlas Blue|Morocco|8A|BMM|ATLAS BLUE
Atlasjet|Turkey|KK|KKK|ATLASJET
ATRAN Cargo Airlines|Russian Federation|V8|VAS|ATRAN
Atyrau Air Ways|Kazakhstan|IP|JOL|EDIL
Augsburg Airways|Germany|IQ|AUB|AUGSBURG-AIR
Aurigny Air Services|United Kingdom|GR|AUR|AYLINE
Austral Líneas Aéreas|Argentina|AU|AUT|AUSTRAL
Australian Airlines|Australia|AO|AUZ|AUSTRALIAN
Austrian Airlines|Austria|OS|AUA|AUSTRIAN
Austrian Arrows|Austria|VO|TYR|TYROLEAN
AVCOM|Russia|J6|AOC|AERO AVCOM
Avensa|Venezuela|VE|AVE|AVENSA
Avia Express|Sweden|JZ|SKX|SKY EXPRESS
Aviacsa|Mexico|6A|CHP|AVIACSA
Aviaexpress|Hungary|RX|AEH|AVEX
Avialeasing Aviation Company|Uzbekistan|EC|TWN|TWINARROW
Avianca - Aerovías Nacionales de Colombia, S.A.|Colombia|AV|AVA|AVIANCA
Avient Aviation|Zimbabwe|Z3|SMJ|AVAVIA
Avies|Estonia|U3|AIA|AVIES
Aviogenex|Serbia|JJ|AGX|GENEX
Avirex|Gabon|G2|VXG|AVIREX-GABON
Avolar Aerolíneas|Mexico|V5|VLI|AEROVOLAR
Axis Airways|France|6V|AXY|AXIS
Azerbaijan Airlines|Azerbaijan|J2|AHY|AZAL
Azul Linhas Aereas Brasileiras|Brazil|AD|AZU|Azul
Azzurra Air|Italy|ZS|AZI|AZZURRA
B and H Airlines|Bosnia and Herzegovina|JA|BON|Air Bosna
BACH Flugbetriebsges|Austria|B4|BCF|BACH
Bahamasair|Bahamas|UP|BHS|BAHAMAS
Baker Aviation|United States|8Q*|BAJ|BAKER AVIATION
BAL Bashkirian Airlines|Russia|V9|BTC|BASHKIRIAN
Bangkok Airways|Thailand|PG|BKP|BANGKOK AIR
Bankair|United States|B4|BKA|BANKAIR
Barents AirLink|Sweden|8N|NKF|NORDFLIGHT
Batavia Air|Indonesia|Y6|BTV|BATAVIA
Bayu Indonesia Air|Indonesia|BM|BYE|BAYU
Bearskin Lake Air Service|Canada|JV|BLS|BEARSKIN
Belair Airlines|Switzerland|4T|BHP|BELAIR
Belavia Belarusian Airlines|Belarus|B2|BRU|BELARUS AVIA
Bellview Airlines|Nigeria|B3|BLV|BELLVIEW AIRLINES
Bemidji Airlines|United States|CH|BMJ|BEMIDJI
Benin Golf Air|Benin|A8|BGL|BENIN GOLF
Bering Air|United States|8E|BRG|BERING AIR
Berjaya Air|Malaysia|J8|BVT|BERJAYA
Big Sky Airlines|United States|GQ|BSY|BIG SKY
Biman Bangladesh Airlines|Bangladesh|BG|BBC|BANGLADESH
Binter Canarias|Spain|NT|IBB|BINTER
Bismillah Airlines|Bangladesh|5Z|BML|BISMILLAH
Blue Air|Romania|0B|JOR|BLUE TRANSPORT
Blue Dart Aviation|India|BZ|BDA|BLUE DART
Blue Panorama Airlines|Italy|BV|BPA|BLUE PANOROMA
Blue Wings|Germany|QW|BWG|BLUE WINGS
Blue1|Finland|KF|BLF|BLUEFIN
Bluebird Cargo|Iceland|BF|BBD|BLUE CARGO
BMI|United Kingdom|BD|BMA|MIDLAND
Bmibaby|United Kingdom|WW|BMI|BABY
Boston-Maine Airways|United States|E9|CXS|CLIPPER CONNECTION
Bouraq Indonesia Airlines|Indonesia|BO|BOU|BOURAQ
BRA-Transportes Aéreos|Brazil|7R|BRB|BRA-TRANSPAEREOS
Braniff International Airways|United States|BN|BNF|Braniff
Bravo Air Congo|Democratic Republic of the Congo|K6|BRV|BRAVO
Brit Air|France|DB|BZH|BRITAIR
British Airways|United Kingdom|BA|BAW|SPEEDBIRD
British International Helicopters|United Kingdom|BS|BIH|BRINTEL
British Mediterranean Airways|United Kingdom|KJ|LAJ|BEE MED
Brussels Airlines|Belgium|SN|BEL|BEE-LINE
Buffalo Airways|Canada|J4|BFL|BUFFALO
Bulgaria Air|Bulgaria|FB|LZB|FLYING BULGARIA
CAL Cargo Air Lines|Israel|5C|ICL|CAL
Calima Aviacion|Spain|XG|CLI|CALIMA
Calm Air|Canada|MO|CAV|CALM AIR
Camai Air|United States|R9|CAM|AIR CAMAI
Cameroon Airlines|Cameroon|UY|UYC|CAM-AIR
Canadian Airlines|Canada|CP|CDN|CANADIAN
Canadian North|Canada|5T|MPE|EMPRESS
Canadian Western Airlines|Canada|W2|CWA|CANADIAN WESTERN
CanJet|Canada|C6|CJA|CANJET
Cape Air|United States|9K|KAP|CAIR
Capital Cargo International Airlines|United States|PT|CCI|CAPPY
Cargo 360|United States|GG|GGC|LONG-HAUL
Cargoitalia|Italy|2G|CRG|WHITE PELICAN
Cargojet Airways|Canada|W8|CJT|CARGOJET
Cargolux|Luxembourg|CV|CLX|CARGOLUX
Caribbean Airlines|Trinidad and Tobago|BW|BWA|CARIBBEAN AIRLINES
Caribbean Star Airlines|Antigua and Barbuda|8B|GFI|CARIB STAR
Carpatair|Romania|V3|KRP|CARPATAIR
Caspian Airlines|Iran|RV|CPN|CASPIAN
Cathay Pacific|Hong Kong SAR of China|CX|CPA|CATHAY
Cayman Airways|Cayman Islands|KX|CAY|CAYMAN
Cebu Pacific|Philippines|5J|CEB|CEBU AIR
Centralwings|Poland|C0|CLW|CENTRALWINGS
Centre-Avia|Russia|J7|CVC|AVIACENTRE
Centurion Air Cargo|United States|WE|CWC|CHALLENGE CARGO
Chalk's International Airlines|United States|OP|CHK|CHALKS
Champion Air|United States|MG|CCP|CHAMPION AIR
Chang'an Airlines|China|2Z|CGN|CHANGAN
Chari Aviation Services|Chad|S8|CSU|CHARI SERVICE
Chicago Express|United States|C8|WDY|WINDY CITY
China Airlines|Taiwan|CI|CAL|DYNASTY
China Cargo Airlines|China|CK|CKK|CARGO KING
China Eastern Airlines|China|MU|CES|CHINA EASTERN
China Express Airlines|China|G5|HXA|CHINA EXPRESS
China Northern Airlines|China|CJ|CBF|CHINA NORTHERN
China Northwest Airlines|China|WH|CNW|CHINA NORTHWEST
China Postal Airlines|China|8Y|CYZ|CHINA POST
China Southern Airlines|China|CZ|CSN|CHINA SOUTHERN
China United Airlines|China|KN|CUA|LIANHANG
China Xinhua Airlines|China|XO|CXH|XINHUA
China Yunnan Airlines|China|3Q|CYH|YUNNAN
Chitaavia|Russia|X7|CHF|CHITA
Cielos Airlines|Peru|A2|CIU|CIELOS
Cimber Sterling|Denmark|QI|CIM|CIMBER
Cirrus Airlines|Germany|C9|RUS|CIRRUS AIR
City Airline|Sweden|CF|SDR|SWEDESTAR
City Connexion Airlines|Burundi|G3|CIX|CONNEXION
CityFlyer Express|United Kingdom|CJ|CFE|FLYER
CityJet|Ireland|WX|BCY|CITY-IRELAND
Civil Air Transport|Taiwan|CT|CAT|Mandarin
Club Air|Italy|6P|ISG|CLUBAIR
Coast Air|Norway|BX|CST|COAST CENTER
Colgan Air|United States|9L|CJC|COLGAN
Comair|United States|OH|COM|COMAIR
CommutAir|United States|C5|UCA|COMMUTAIR
Comores Airlines|Comoros|KR|CWK|CONTICOM
Compania Mexicargo|Mexico|GJ|MXC|MEXICARGO
Compass Airlines|United States|CP|CPZ|Compass Rose
Condor Flugdienst|Germany|DE|CFG|CONDOR
Continental Airlines|United States|CO|COA|CONTINENTAL
Continental Airways|Russia|PC|PVV|CONTAIR
Continental Micronesia|United States|CS|CMI|AIR MIKE
Conviasa|Venezuela|V0|VCV|CONVIASA
Copa Airlines|Panama|CM|CMP|COPA
Corsairfly|France|SS|CRL|CORSAIR
Corse-Mediterranee|France|XK|CCM|CORSICA
Cosmic Air|Nepal|F5|COZ|COSMIC AIR
Coyne Aviation|United Kingdom|7C|COY|COYNE AIR
Croatia Airlines|Croatia|OU|CTN|CROATIA
Crossair Europe|Switzerland|QE|ECC|Cigogne
Cubana de Aviación|Cuba|CU|CUB|CUBANA
Cyprus Airways|Cyprus|CY|CYP|CYPRUS
Czech Airlines|Czech Republic|OK|CSA|CSA-LINES
Daallo Airlines|Djibouti|D3|DAO|DALO AIRLINES
Dagestan Airlines|Russia|N2|DAG|DAGAL
Dalavia|Russia|H8|KHB|DALAVIA
DanubeWings|Slovakia|V5|VPA|VIP TAXI
Darwin Airline|Switzerland|0D|DWT|DARWIN
DAS Air Cargo|Uganda|WD|DSR|DAIRAIR
DAT Danish Air Transport|Denmark|DX|DTR|DANISH
Dauair|Germany|D5|DAU|DAUAIR
dba|Germany|DI|BAG|SPEEDWAY
Delta Air Lines|United States|DL|DAL|DELTA
Deutsche Rettungsflugwacht|Germany|1I|AMB|CIVIL AIR AMBULANCE
DHL International|Bahrain|ES|DHX|DILMUN
Dirgantara Air Service|Indonesia|AW|DIR|DIRGANTARA
Discovery Airways|United States|DH|DVA|DISCOVERY AIRWAYS
Djibouti Airlines|Djibouti|D8|DJB|DJIBOUTI AIR
Dominicana de Aviación|Dominican Republic|DO|DOA|DOMINICANA
Domodedovo Airlines|Russia|E3|DMO|DOMODEDOVO
DonbassAero|Ukraine|5D|UDC|DONBASS AERO
Dragonair, Hong Kong Dragon Airlines|Hong Kong|KA|HDA|DRAGON
Druk Air|Bhutan|KB|DRK|ROYAL BHUTAN
Eagle Air|Tanzania|EY|EFL|FLYING EAGLE
Eagle Airways|New Zealand|NZ|EAG|EAGLE
East African|Uganda|QU|UGX|CRANE
East African Safari Air|Kenya|S9|HSA|DUMA
Eastar Jet|South Korea|ZE|ESR|EASTAR
Eastern Airways|United Kingdom|T3|EZE|EASTFLIGHT
Eastern Australia Airlines|Australia|QF|EAQ|EASTERN
Eastwind Airlines|United States|W9|SGR|STINGER
easyJet|United Kingdom|U2|EZY|EASY
Edelweiss Air|Switzerland|WK|EDW|EDELWEISS
Egyptair|Egypt|MS|MSR|EGYPTAIR
El Al Israel Airlines|Israel|LY|ELY|ELAL
El-Buraq Air Transport|Libya|UZ|BRQ|BURAQAIR
Emirates Airline|United Arab Emirates|EK|UAE|EMIRATES
Empire Airlines|United States|EM|CFS|EMPIRE AIR
Empresa Ecuatoriana De Aviacion|Ecuador|EU|EEA|ECUATORIANA
Enkor JSC|Russia|G8|ENK|ENKOR
Eos Airlines|United States|E0|ESS|NEW DAWN
Eritrean Airlines|Eritrea|B8|ERT|ERITREAN
Estonian Air|Estonia|OV|ELL|ESTONIAN
Ethiopian Airlines|Ethiopia|ET|ETH|ETHIOPIAN
Etihad Airways|United Arab Emirates|EY|ETD|ETIHAD
EUjet|Ireland|VE|EUJ|UNION JET
EuroAtlantic Airways|Portugal|MM|MMZ|EUROATLANTIC
Eurocypria Airlines|Cyprus|UI|ECA|EUROCYPRIA
Eurofly|Italy|GJ|EEZ|E-FLY
Eurolot|Poland|K2|ELO|EUROLOT
Euromanx Airways|Austria|3W|EMX|EUROMANX
Europe Airpost|France|5O|FPO|FRENCH POST
European Air Express|Germany|EA|EAL|STAR WING
European Air Transport|Belgium|QY|BCS|EUROTRANS
European Aviation Air Charter|United Kingdom|E7|EAF|EUROCHARTER
Eurowings|Germany|EW|EWG|EUROWINGS
EVA Air|Taiwan|BR|EVA|EVA
Evergreen International Airlines|United States|EZ|EIA|EVERGREEN
Excel Airways|United Kingdom|JN|XLA|EXPO
Execair Aviation|Canada|MB|EXA|CANADIAN EXECAIRE
Executive Airlines|United States|OW|EXK|EXECUTIVE EAGLE
Expo Aviation|Sri Lanka|8D|EXV|EXPOAVIA
Express One International|United States|EO|LHN|LONGHORN
ExpressJet|United States|XE|BTA|JET LINK
Far Eastern Air Transport|Taiwan|EF|EFA|Far Eastern
Faroejet|Faroe Islands|F6|RCK|ROCKROSE
Faso Airways|Burkina Faso|F3|FSW|FASO
Federal Express|United States|FX|FDX|FEDEX
Fika Salaama Airlines|Uganda|N8|HGK|SALAAMA
Finalair Congo|Republic of the Congo|4S|FNC|FINALAIR CONGO
Finnair|Finland|AY|FIN|FINNAIR
Finncomm Airlines|Finland|FC|WBA|WESTBIRD
Firefly|Malaysia|FY|FFM|FIREFLY
First Choice Airways|United Kingdom|DP|FCA|JETSET
Fischer Air|Czech Republic|8F|FFR|FISCHER
Flightline|United Kingdom|B5|FLT|FLIGHTLINE
Florida Coastal Airlines|United States|PA|FCL|FLORIDA COASTAL
Florida West International Airways|United States|RF|FWL|FLO WEST
Fly Air|Turkey|F2|FLM|FLY WORLD
Fly Me Sweden|Sweden|SH|FLY|FLYBIRD
FlyAsianXpress|Malaysia|D7|XFA|FAX AIR
Flybaboo|Switzerland|F7|BBO|BABOO
Flybe|United Kingdom|BE|BEE|JERSEY
Flydubai|UAE|FZ|FDB|SKYDUBAI
Flyglobespan|United Kingdom|B4|GSM|GLOBESPAN
Flyhy Cargo Airlines|Thailand|W3|FYH|FLY HIGH
FlyLal|Lithuania|TE|LIL|LITHUANIA AIR
FlyNordic|Sweden|LF|NDC|NORDIC
Four Star Aviation Four Star Cargo|United States|HK|FSC|FOUR STAR
Freebird Airlines|Turkey|FH|FHY|FREEBIRD AIR
Freedom Air|New Zealand|SJ|FOM|FREE AIR
Frontier Airlines|United States|F9|FFT|FRONTIER FLIGHT
Frontier Flying Service|United States|2F|FTA|FRONTIER-AIR
Futura International Airways|Spain|FH|FUA|FUTURA
Galaxy Air|Kyrgyzstan|7O|GAL|GALAXY
Gambia International Airlines|Gambia|GC|GNR|GAMBIA INTERNATIONAL
Gandalf Airlines|Italy|G7|GNF|Gandalf
Garuda Indonesia|Indonesia|GA|GIA|INDONESIA
Gazpromavia|Russia|4G|GZP|GAZPROMAVIA
GB Airways|United Kingdom|GT|GBL|GEEBEE AIRWAYS
Gemini Air Cargo|United States|GR|GCO|GEMINI
Georgian Airways|Georgia|A9|TGZ|TAMAZI
Georgian National Airlines|Georgia|QB|GFG|NATIONAL
Germania|Germany|ST|GMI|GERMANIA
Germanwings|Germany|4U|GWI|GERMAN WINGS
Gestair|Spain|GP|GES|GESTAIR
Ghana Airways|Ghana|GH|GHA|GHANA
Ghana International Airlines|Ghana|G0|GHB|GHANA AIRLINES
Go Air|India|G8|GOW|GOAIR
GoJet Airlines|United States|G7|GJS|LINDBERGH
Gol Transportes Aéreos|Brazil|G3|GLO|GOL TRANSPORTE
Golden Air|Sweden|DC|GAO|GOLDEN
Grant Aviation|United States|GS|GUN|HOOT
Great Lakes Airlines|United States|ZK|GLA|LAKES AIR
Great Wall Airlines|China|IJ|GWL|GREAT WALL
Guine Bissaur Airlines|Guinea-Bissau|G6|BSR|BISSAU AIRLINES
Guinee Airlines|Guinea|J9|GIF|GUINEE AIRLINES
Gujarat Airways|India|G8|GUJ|GUJARATAIR
Gulf Air Bahrain|Bahrain|GF|GBA|GULF BAHRAIN
Hageland Aviation Services|United States|H6|HAG|HAGELAND
Hahn Air|Germany|HR|HHN|ROOSTER
Hainan Airlines|China|HU|CHH|HAINAN
Hamburg International|Germany|4R|HHI|HAMBURG JET
Hapag-Lloyd Express (TUIfly)|Germany|X3|HLX|YELLOW CAB
Hapagfly|Germany|HF|HLF|HAPAG LLOYD
Harbor Airlines|United States|HB|HAR|HARBOR
Harmony Airways|Canada|HQ|HMY|HARMONY
Hawaiian Airlines|United States|HA|HAL|HAWAIIAN
Heavylift Cargo Airlines|Australia|HN|HVY|HEAVY CARGO
Heli France|France|8H|HFR|HELIFRANCE
Helijet|Canada|JB|JBA|HELIJET
Helios Airways|Cyprus|ZU|HCY|HELIOS
Helitrans|Norway|9I|HTA|SCANBIRD
Hellas Jet|Greece|T4|HEJ|HELLAS JET
Hello|Switzerland|HW|FHE|FLYHELLO
Helvetic Airways|Switzerland|2L|OAW|HELVETIC
Hemus Air|Bulgaria|DU|HMS|HEMUS AIR
Hewa Bora Airways|Democratic Republic of the Congo|EO|ALX|ALLCONGO
Hex'Air|France|UD|HER|HEX AIRLINE
Hi Fly|Portugal|5K|HFY|SKY FLYER
Hokkaido International Airlines|Japan|HD|ADO|AIR DO
Hola Airlines|Spain|H5|HOA|HOLA
Hong Kong Airlines|Hong Kong SAR of China|N8|CRK|BAUHINIA
Hong Kong Express Airways|Hong Kong SAR of China|UO|HKE|HONGKONG SHUTTLE
Horizon Air|United States|QX|QXE|HORIZON AIR
Horizon Airlines|Australia|BN|HZA|HORIZON
IBC Airways|United States|II|CSQ|CHASQUI
Iberia Airlines|Spain|IB|IBE|IBERIA
Ibex Airlines|Japan|FW|IBX|IBEX
IBL Aviation|Mauritius|0C|IBL|CATOVAIR
Iceland Express|Iceland|5W|AEU|FLY STAR
Icelandair|Iceland|FI|ICE|ICEAIR
Imair Airlines|Azerbaijan|IK|ITX|IMPROTEX
Independence Air|United States|DH|IDE|INDEPENDENCE AIR
Indian Airlines|India|IC|IAC|INDAIR
Indigo|United States|I9|IBU|INDIGO BLUE
IndiGo Airlines|India|6E|IGO|IFLY
Indonesia AirAsia|Indonesia|QZ|AWQ|WAGON AIR
Indonesian Airlines|Indonesia|IO|IAA|INDO LINES
Interair South Africa|South Africa|D6|ILN|INLINE
Interavia Airlines|Russia|ZA|SUW|ASTAIR
Intercontinental de Aviación|Colombia|RS|ICT|CONTAVIA
Interlink Airlines|South Africa|ID|ITK|INTERLINK
International Business Air|Sweden|6I|IBZ|INTERBIZ
Interstate Airline|Netherlands|I4|FWA|FREEWAYAIR
Iran Air|Iran|IR|IRA|IRANAIR
Iraqi Airways|Iraq|IA|IAW|IRAQI
Irtysh Airlines|Uzbekistan|IT|IRT|IRTYSH AIRLINES
Island Express|United States|2S|SDY|SANDY ISLE
Islas Airways|Spain|IF|ISW|PINTADERA
Israir|Israel|6H|ISR|ISRAIR
Itali Airlines|Italy|9X|ACL|ITALI
Itek Air|Kyrgyzstan|GI|IKA|ITEK-AIR
Izair|Turkey|H9|IZM|IZMIR
JAL Express|Japan|JC|JEX|JANEX
JALways|Japan|JO|JAZ|JALWAYS
Japan Airlines|Japan|JL|JAL|JAPANAIR
Japan Airlines Domestic|Japan|JL|JAL|J-BIRD
Japan Asia Airways|Japan|EG|JAA|ASIA
Japan Transocean Air|Japan|NU|JTA|JAI OCEAN
Jat Airways|Serbia|JU|JAT|JAT
Jatayu Airlines|Indonesia|VJ|JTY|JATAYU
Jazeera Airways|Kuwait|J9|JZR|JAZEERA
Jeju Air|Republic of Korea|7C|JJA|JEJU AIR
Jet Airways|India|9W|JAI|JET AIRWAYS
Jet2.com|United Kingdom|LS|EXS|CHANNEX
Jetairfly|Belgium|JF|JAF|BEAUTY
JetBlue Airways|United States|B6|JBU|JETBLUE
Jetclub|Switzerland|0J|JCS|JETCLUB
JetsGo|Canada|SG|JGO|JETSGO
Jetstar Airways|Australia|JQ|JST|JETSTAR
Jetstar Asia Airways|Singapore|3K|JSA|JETSTAR ASIA
JetX Airlines|Iceland|GX|JXX|JETBIRD
Jordan Aviation|Jordan|R5|JAV|JORDAN AVIATION
Kabo Air|Nigeria|N2|QNK|KABO
Kalitta Air|United States|K4|CKS|CONNIE
Kalitta Charters|United States|K9|KFS|KALITTA
Kam Air|Afghanistan|RQ|KMF|KAMGAR
Kampuchea Airlines|Cambodia|E2|KMP|KAMPUCHEA
Karat|Russia|V2|AKT|AVIAKARAT
Kavminvodyavia|Russia|KV|MVD|AIR MINVODY
KD Avia|Russia|KD|KNI|KALININGRAD AIR
Kenmore Air|United States|M5|KEN|KENMORE
Kenya Airways|Kenya|KQ|KQA|KENYA
Keystone Air Service|Canada|BZ|KEE|KEYSTONE
Kibris Türk Hava|Turkey|KY|KYV|AIRKIBRIS
Kingfisher Airlines|India|IT|KFR|KINGFISHER
Kish Air|Iran|Y9|IRK|KISHAIR
Kiwi International Air Lines|United States|KP|KIA|KIWI AIR
KLM|Netherlands|KL|KLM|KLM
KLM Cityhopper|Netherlands|WA|KLC|CITY
Kogalymavia Air Company|Russia|7K|KGL|KOGALYM
Komiinteravia|Russia|8J|KMV|KOMIINTER
Korean Air|Republic of Korea|KE|KAL|KOREANAIR
Krasnojarsky Airlines|Russia|7B|KJC|KRASNOJARSKY AIR
Krylo Airlines|Russia|K9|KRI|Krylo
Kuban Airlines|Russia|GW|KIL|AIR KUBAN
Kunpeng Airlines|China|VD|KPA|KUNPENG
Kuwait Airways|Kuwait|KU|KAC|KUWAITI
Kuzu Airlines Cargo|Turkey|GO|KZU|KUZU CARGO
Kyrgyz Airlines|Kyrgyzstan|N5|KGZ|BERMET
Kyrgyzstan|Kyrgyzstan|QH|LYN|ALTYN AVIA
Kyrgyzstan Airlines|Kyrgyzstan|R8|KGA|KYRGYZ
L.A.B. Flying Service|United States|JF|LAB|LAB
LACSA|Costa Rica|LR|LRC|LACSA
LAI - Línea Aérea IAACA|Venezuela|KG|BNX|AIR BARINAS
LAN Airlines|Chile|LA|LAN|LAN
LAN Express|Chile|LU|LXP|LANEX
LAN Peru|Peru|LP|LPE|LANPERU
Lankair|Sri Lanka|IK|LKN|Lankair
Lao Airlines|Lao Peoples Democratic Republic|QV|LAO|LAO
Laoag International Airlines|Philippines|L7|LPN|LAOAG AIR
Lauda Air|Austria|NG|LDA|LAUDA AIR
Lebanese Air Transport|Lebanon|LQ|LAQ|LAT
Leeward Islands Air Transport|Antigua and Barbuda|LI|LIA|LIAT
Libyan Arab Airlines|Libya|LN|LAA|LIBAIR
Línea Aérea de Servicio Ejecutivo Regional|Venezuela|QL|LER|LASER
Línea Aérea SAPSA|Chile|L7|LNP|SAPSA
Línea Turistica Aerotuy|Venezuela|LD|TUY|AEREOTUY
Líneas Aéreas Azteca|Mexico|ZE|LCD|LINEAS AZTECA
Líneas Aéreas Privadas Argentinas|Argentina|MJ|LPR|LAPA
Linhas Aéreas de Moçambique|Mozambique|TM|LAM|MOZAMBIQUE
Lion Mentari Airlines|Indonesia|JT|LNI|LION INTER
Livingston|Italy|LM|LVG|LIVINGSTON
Lloyd Aéreo Boliviano|Bolivia|LB|LLB|LLOYDAEREO
Logan Air|United Kingdom|LC|LOG|LOGAN
LOT Polish Airlines|Poland|LO|LOT|POLLOT
LTE International Airways|Spain|XO|LTE|FUN JET
LTU Austria|Austria|L3|LTO|BILLA TRANSPORT
LTU International|Germany|LT|LTU|LTU
Luftfahrtgesellschaft Walter|Germany|HE|LGW|WALTER
Lufthansa|Germany|LH|DLH|LUFTHANSA
Lufthansa Cargo|Germany|LH|GEC|LUFTHANSA CARGO
Lufthansa CityLine|Germany|CL|CLH|HANSALINE
Lufttaxi Fluggesellschaft|Germany|DV|LTF|Garfield
Lufttransport|Norway|L5|LTR|LUFT TRANSPORT
Luxair|Luxembourg|LG|LGL|LUXAIR
Lviv Airlines|Ukraine|5V|UKW|UKRAINE WEST
Lynden Air Cargo|United States|L2|LYC|LYNDEN
Lynx Aviation|United States|L4|SSX|SHASTA
Mahan Air|Iran|W5|IRM|MAHAN AIR
Mahfooz Aviation|Gambia|M2|MZS|MAHFOOZ
Malaysia Airlines|Malaysia|MH|MAS|MALAYSIAN
Malév Hungarian Airlines|Hungary|MA|MAH|MALEV
Malmö Aviation|Sweden|TF|SCW|SCANWING
Malta Air Charter|Malta|R5|MAC|MALTA CHARTER
Mandala Airlines|Indonesia|RI|MDL|MANDALA
Mandarin Airlines|Taiwan|AE|MDA|MANDARIN
Mango|South Africa|JE|MNO|TULCA
MAP-Management and Planung|Austria|AQ|MPJ|MAPJET
Mars RK|Ukraine|6V|MRW|AVIAMARS
Marsland Aviation|Sudan|M7|MSL|MARSLANDAIR
Martinair|Netherlands|MP|MPH|MARTINAIR
MasAir|Mexico|M7|MAA|MAS CARGA
MAT Macedonian Airlines|Macedonia|IN|MAK|MAKAVIO
Mavial Magadan Airlines|Russia|H5|MVL|Mavial
Maxair|Sweden|8M|MXL|MAXAIR
Maxjet Airways|United States|MY|MXJ|MAX-JET
Maya Island Air|Belize|MW|MYD|MYLAND
Mekong Airlines|Cambodia|M8|MKN|MEKONG AIRLINES
Menajet|Lebanon|IM|MNJ|MENAJET
Meridiana|Italy|IG|ISS|MERAIR
Merpati Nusantara Airlines|Indonesia|MZ|MNA|MERPATI
Mesa Airlines|United States|YV|ASH|AIR SHUTTLE
Mesaba Airlines|United States|XJ|MES|MESABA
Mexicana de Aviación|Mexico|MX|MXA|MEXICANA
Miami Air International|United States|GL|BSK|BISCAYNE
MIAT Mongolian Airlines|Mongolia|OM|MGL|MONGOL AIR
Middle East Airlines|Lebanon|ME|MEA|CEDAR JET
Midway Airlines|United States|JI|MDW|MIDWAY
Midwest Airlines|United States|YX|MEP|MIDEX
MNG Airlines|Turkey|MB|MNB|BLACK SEA
Moldavian Airlines|Moldova|2M|MDV|MOLDAVIAN
Monarch Airlines|United Kingdom|ZB|MON|MONARCH
Montenegro Airlines|Montenegro|YM|MGX|MONTENEGRO
Moskovia Airlines|Russia|3R|GAI|GROMOV AIRLINE
Motor Sich|Ukraine|M9|MSI|MOTOR SICH
Mount Cook Airlines|New Zealand|NM|NZM|MOUNTCOOK
Mountain Air Company|Sierra Leone|N4|MTC|MOUNTAIN LEONE
Myanma Airways|Myanmar|UB|UBA|UNIONAIR
Myanmar Airways International|Myanmar|8M|MMM|assignment postponed
MyTravel Airways|United Kingdom|VZ|MYT|KESTREL
Nantucket Airlines|United States|DV|ACK|ACK AIR
Nasair|Eritrea|UE|NAS|NASAIRWAYS
National Jet Systems|Australia|NC|NJS|NATIONAL JET
Nationwide Airlines|South Africa|CE|NTW|NATIONWIDE
Nauru Air Corporation|Nauru|ON|RON|AIR NAURU
Neos|Italy|NO|NOS|MOONFLOWER
Nepal Airlines|Nepal|RA|RNA|ROYAL NEPAL
NetJets|United States|1I|EJA|EXECJET
New England Airlines|United States|EJ|NEA|NEW ENGLAND
NextJet|Sweden|2N|NTJ|NEXTJET
Niki|Austria|HG|NLY|FLYNIKI
Nippon Cargo Airlines|Japan|KZ|NCA|NIPPON CARGO
Nok Air|Thailand|DD|NOK|NOK AIR
Nordavia|Russia|5N|AUL|ARCHANGELSK AIR
Nordeste Linhas Aéreas Regionais|Brazil|JH|NES|NORDESTE
Nordic Regional|Sweden|6N|NRD|NORTH RIDER
North Flying|Denmark|M3|NFA|NORTH FLYING
North-Wright Airways|Canada|HW|NWL|NORTHWRIGHT
Northern Air Cargo|United States|NC|NAC|YUKON
Northwest Airlines|United States|NW|NWA|NORTHWEST
Northwestern Air|Canada|J3|PLR|POLARIS
Norwegian Air Shuttle|Norway|DY|NAX|NOR SHUTTLE
Nouvel Air Tunisie|Tunisia|BJ|LBT|NOUVELAIR
Nova Airline|Sudan|M4|NOV|NOVANILE
Novair|Sweden|1I|NVR|NAVIGATOR
Nuevo Continente|Peru|N6|ACQ|AERO CONTINENTE
O'Connor Airlines|Australia|UQ|OCM|OCONNOR
Oasis Hong Kong Airlines|Hong Kong|O8|OHK|OASIS
Ocean Airlines|Italy|VC|VCX|OCEANCARGO
Oceanair|Brazil|O6|ONE|OCEANAIR
Olympic Air|Greece|OA|NOA|OLYMPIC
Olympic Airlines|Greece|OA|OAL|OLYMPIC
Oman Air|Oman|WY|OMA|OMAN AIR
Omni Air International|United States|OY|OAE|OMNI-EXPRESS
Omskavia Airline|Russia|N3|OMS|OMSK
Onur Air|Turkey|8Q|OHY|ONUR AIR
Open Skies Consultative Commission|United States|1L|OSY|OPEN SKIES
Orenburg Airlines|Russia|R2|ORB|ORENBURG
Orient Thai Airlines|Thailand|OX|OEA|ORIENT THAI
Origin Pacific Airways|New Zealand|QO|OGN|ORIGIN
Ostfriesische Lufttransport|Germany|OL|OLT|OLTRA
Our Airline|Nauru|ON|RON|OUR AIRLINE
Overland Airways|Nigeria|OJ|OLA|OVERLAND
Ozark Air Lines|United States|OZ|OZR|OZARK
Ozjet Airlines|Australia|O7|OZJ|AUSJET
Pace Airlines|United States|Y5|PCE|PACE
Pacific Airlines|Vietnam|BL|PIC|PACIFIC AIRLINES
Pacific Blue|New Zealand|DJ|PBN|BLUEBIRD
Pacific Coastal Airline|Canada|8P|PCO|PASCO
Pacific East Asia Cargo Airlines|Philippines|Q8|PEC|PAC-EAST CARGO
Pacific Southwest Airlines|United States|PS|PSX|SMILEY
Pacific Wings|United States|LW|NMI|TSUNAMI
Pakistan International Airlines|Pakistan|PK|PIA|PAKISTAN
Palau Trans Pacific Airline|Palau|GP|PTP|TRANS PACIFIC
Palestinian Airlines|Egypt|PF|PNW|PALESTINIAN
Pamir Airways|Afghanistan|NR|PIR|PAMIR
PAN Air|Spain|PV|PNR|SKYJET
Pan American World Airways|United States|PA|PAA|CLIPPER
Panafrican Airways|Ivory Coast|PQ|PNF|PANWAYS
Pantanal Linhas Aéreas|Brazil|P8|PTN|PANTANAL
Paramount Airways|India|I7|PMW|PARAWAY
PB Air|Thailand|9Q|PBA|PEEBEE AIR
Pearl Airways|Haiti|HP|HPA|PEARL AIRWAYS
Pegasus Airlines|Turkey|H9|PGT|SUNTURK
Peninsula Airways|United States|KS|PEN|PENINSULA
Perm Airlines|Russia|P9|PGP|PERM AIR
Philippine Airlines|Philippines|PR|PAL|PHILIPPINE
Phuket Air|Thailand|9R|VAP|PHUKET AIR
Piedmont Airlines (1948-1989)|United States|PI|PDT|PIEDMONT
Pinnacle Airlines|United States|9E|FLG|FLAGSHIP
PLUNA|Uruguay|PU|PUA|PLUNA
PMTair|Cambodia|U4|PMT|MULTITRADE
Polar Air Cargo|United States|PO|PAC|POLAR
Polynesian Airlines|Samoa|PH|PAO|POLYNESIAN
Polynesian Blue|New Zealand|DJ|PLB|POLYBLUE
Porter Airlines|Canada|PD|POE|PORTER AIR
Portugalia|Portugal|NI|PGA|PORTUGALIA
Potomac Air|United States|BK|PDC|DISTRICT
Precision Air|Tanzania|PW|PRF|PRECISION AIR
Primaris Airlines|United States|FE|WCP|WHITECAP
Private Wings Flugcharter|Germany|8W|PWF|PRIVATE WINGS
Pulkovo Aviation Enterprise|Russia|FV|PLK|PULKOVO
Qantas|Australia|QF|QFA|QANTAS
Qatar Airways|Qatar|QR|QTR|QATARI
Redhill Aviation|United Kingdom|8L|RHC|REDAIR
Reem Air|Kyrgyzstan|V4|REK|REEM AIR
Regional Air Lines|Morocco|FN|RGL|MAROC REGIONAL
Régional Compagnie Aérienne Européenne|France|YS|RAE|REGIONAL EUROPE
Regional Express|Australia|ZL|RXA|REX
RegionsAir|United States|3C|CEA|CORP-X
Reno Air|United States|QQ|ROA|RENO AIR
Republic Airlines|United States|RW|RPA|BRICKYARD
Republic Express Airlines|Indonesia|RH|RPH|PUBLIC EXPRESS
Rico Linhas Aéreas|Brazil|C7|RLE|RICO
Rio Grande Air|United States|E2|GRN|GRANDE
Rio Sul Serviços Aéreos Regionais|Brazil|SL|RSL|RIO SUL
Rossiya|Russia|FV|SDM|RUSSIA
Royal Air Force|United Kingdom|RR|RFR|RAFAIR
Royal Air Force of Oman|Oman|RS|MJN|MAJAN
Royal Air Maroc|Morocco|AT|RAM|ROYALAIR MAROC
Royal Airlines|Pakistan|R0|RPK|ROYAL PAKISTAN
Royal Aruban Airlines|Aruba|V5|RYL|ROYAL ARUBAN
Royal Brunei Airlines|Brunei|BI|RBA|BRUNEI
Royal Jordanian|Jordan|RJ|RJA|JORDANIAN
Royal Khmer Airlines|Cambodia|RK|RKH|KHMER AIR
Royal Nepal Airlines|Nepal|RA|RNA|ROYAL NEPAL
Royal Phnom Penh Airways|Cambodia|RL|PPW|PHNOM-PENH AIR
Royal Tongan Airlines|Tonga|WR|HRH|TONGA ROYAL
Russian Sky Airlines|Russia|P7|ESL|RADUGA
Rwandair Express|Rwanda|WB|RWD|RWANDAIR
Ryan Air Service|United States|7S|RCT|ARCTIC TRANSPORT
Ryan International Airlines|United States|RD|RYN|RYAN INTERNATIONAL
Ryanair|Ireland|FR|RYR|RYANAIR
S7 Airlines|Russia|S7|SBI|SIBERIAN AIRLINES
SAETA|Ecuador|EH|SET|SAETA
Safair|South Africa|FA|SFR|CARGO
SAM Colombia|Colombia|MM|SAM|SAM
Sama Airlines|Saudi Arabia|ZS|SMY|NAJIM
Samara Airlines|Russia|E5|BRZ|BERYOZA
Santa Barbara Airlines|Venezuela|S3|BBR|SANTA BARBARA
Saratov Aviation Division|Russia|6W|SOV|SARATOV AIR
SAS Braathens|Norway|SK|CNO|SCANOR
Sat Airlines|Kazakhstan|HZ|SOZ|SATCO
SATA Air Acores|Portugal|SP|SAT|SATA
SATA International|Portugal|S4|RZO|AIR AZORES
Saudi Arabian Airlines|Saudi Arabia|SV|SVA|SAUDIA
Scandinavian Airlines|Sweden, Denmark and Norway|SK|SAS|SCANDINAVIAN
Seaborne Airlines|United States|BB|SBS|SEABORNE
Servicios de Transportes Aéreos Fueguinos|Argentina|FS|STU|FUEGUINO
SevenAir|United States|UG|SEN|S-BAR
Shaheen Air International|Pakistan|NL|SAI|SHAHEEN AIR
Shandong Airlines|China|SC|CDG|SHANDONG
Shanghai Airlines|China|FM|CSH|SHANGHAI AIR
Shanxi Airlines|China|8C|CXI|SHANXI
Shenzhen Airlines|China|ZH|CSZ|SHENZHEN AIR
Shovkoviy Shlyah|Ukraine|S8|SWW|WAY AERO
Shuttle America|United States|S5|TCF|MERCURY
Sibaviatrans|Russia|5M|SIB|SIBAVIA
Sichuan Airlines|China|3U|CSC|SI CHUAN
Siem Reap Airways|Cambodia|FT|SRH|SIEMREAP AIR
Sierra National Airlines|Sierra Leone|LJ|SLA|SELAIR
Silk Way Airlines|Azerbaijan|ZP|AZQ|SILK LINE
SilkAir|Singapore|MI|SLK|SILKAIR
Singapore Airlines|Singapore|SQ|SIA|SINGAPORE
Singapore Airlines Cargo|Singapore|SQ|SQC|SINGCARGO
Skagway Air Service|United States|N5|SGY|SKAGWAY AIR
Sky Airline|Chile|H2|SKU|AEROSKY
Sky Eyes|Thailand|I6|SEQ|SKY EYES
Sky Trek International Airlines|United States|1I|PZR|PHAZER
Skybus Airlines|United States|SX|SKB|SKYBUS
SkyEurope|Slovakia|NE|ESK|RELAX
SkyKing Turks and Caicos Airways|Turks and Caicos Islands|RU|SKI|SKYKING
Skymark Airlines|Japan|BC|SKY|SKYMARK
Skynet Airlines|Ireland|SI|SIH|BLUEJET
Skynet Asia Airways|Japan|6J|SNJ|NEWSKY
Skyservice Airlines|Canada|5G|SSV|SKYTOUR
SkyStar Airways|Thailand|XT|SKT|SKY YOU
Skywalk Airlines|United States|AL|SYX|SKYWAY-EX
SkyWest Airlines|United States|OO|SKW|SKYWEST
Slok Air Gambia|Gambia|S0|OKS|SLOK GAMBIA
Slovak Airlines|Slovakia|6Q|SLL|SLOV LINE
Solomon Airlines|Solomon Islands|IE|SOL|SOLOMON
Sosoliso Airlines|Nigeria|SO|OSL|SOSOLISO
South African Airways|South Africa|SA|SAA|SPRINGBOK
South East Asian Airlines|Philippines|DG|SRQ|SEAIR
Southern Winds Airlines|Argentina|A4|SWD|SOUTHERN WINDS
Southwest Airlines|United States|WN|SWA|SOUTHWEST
Spanair|Spain|JK|JKK|SPANAIR
Spicejet|India|SG|SEJ|SPICEJET
Spirit Airlines|United States|NK|NKS|SPIRIT WINGS
Spring Airlines|China|9S|CQH|AIR SPRING
SriLankan Airlines|Sri Lanka|UL|ALK|SRILANKAN
St Barth Commuter|France|PV|SBU|BLACK FIN
Star Flyer|Japan|7G|SFJ|STARFLYER
Star1 Airlines|Lithuania|V9|HCW|STAR1
Starlink Aviation|Canada|Q4|TLK|STARLINK
Sterling Airlines|Denmark|NB|SNB|STERLING
Sudan Airways|Sudan|SD|SUD|SUDANAIR
Sun Air (Fiji)|Fiji|PI|SUF|SUNFLOWER
Sun Air of Scandinavia|Denmark|EZ|SUS|SUNSCAN
Sun Country Airlines|United States|SY|SCX|SUN COUNTRY
Sun D'Or|Israel|7L|ERO|ECHO ROMEO
SunExpress|Turkey|XQ|SXS|SUNEXPRESS
Sunstate Airlines|Australia|QF|SSQ|SUNSTATE
Sunwing Airlines|Canada|WG|SWG|SUNWING
Superior Aviation|United States|SO|HKA|SPEND AIR
Surinam Airways|Suriname|PY|SLM|SURINAM
Swe Fly|Sweden|WV|SWV|FLYING SWEDE
SwedJet Airways|Sweden|VD|BBB|BLACKBIRD
Swedline Express|Sweden|SM|SRL|Starline
Swiss International Air Lines|Switzerland|LX|SWR|SWISS
Swissair|Switzerland|SR|SWR|SWISSAIR
Sylt Air GmbH|Germany|7E|AWU|SYLT-AIR
Syrian Arab Airlines|Syrian Arab Republic|RB|SYR|SYRIANAIR
TAAG Angola Airlines|Angola|DT|DTA|DTA
TACV|Portugal|VR|TCV|CABOVERDE
TAM Brazilian Airlines|Brazil|JJ|TAM|TAM
TAM Mercosur|Paraguay|PZ|LAP|PARAGUAYA
TAME|Ecuador|EQ|TAE|TAME
TAMPA|Colombia|QT|TPA|TAMPA
Tandem Aero|Moldova|TQ|TDM|TANDEM
TAP Portugal|Portugal|TP|TAP|AIR PORTUGAL
Tarom|Romania|RO|ROT|TAROM
Tassili Airlines|Algeria|SF|DTH|TASSILI AIR
Tavrey Airlines|Ukraine|T6|TVR|TAVREY
Tbilaviamsheni|Georgia|L6|VNZ|TBILAVIA
Teamline Air|Austria|L9|TLW|Teamline
Thai Air Cargo|Thailand|T2|TCG|THAI CARGO
Thai AirAsia|Thailand|FD|AIQ|THAI ASIA
Thai Airways International|Thailand|TG|THA|THAI
Thai Sky Airlines|Thailand|9I|TKY|THAI SKY
Thai Star Airlines|Thailand|T9|TSX|THAI STAR
Thomas Cook Airlines|Belgium|FQ|TCW|THOMAS COOK
Thomsonfly|United Kingdom|BY|TOM|TOMSON
Tiara Air|Aruba|3P|TNM|TIARA
Tiger Airways|Singapore|TR|TGW|GO CAT
Tiger Airways Australia|Australia|TT|TGW|GO CAT
Titan Airways|United Kingdom|ZT|AWC|ZAP
TNT Airways|Belgium|3V|TAY|QUALITY
Tobruk Air|Libya|7T|TOB|TOBRUK AIR
Tol-Air Services|United States|TI|TOL|TOL AIR
Trans Mediterranean Airlines|Lebanon|TL|TMA|TANGO LIMA
Trans States Airlines|United States|AX|LOF|WATERSKI
Trans World Airlines|United States|TW|TWA|TWA
Transaero Airlines|Russia|UN|TSO|TRANSOVIET
TransAsia Airways|Taiwan|GE|TNA|TransAsia
Transavia Holland|Netherlands|HV|TRA|TRANSAVIA
TransAVIAexport Airlines|Belarus|AL|TXC|TRANSEXPORT
Transbrasil|Brazil|TR|TBA|TRANSBRASIL
Transeuropean Airlines|Russia|UE|TEP|TRANSEURLINE
TransMeridian Airlines|United States|T9|TRZ|TRANS-MERIDIAN
Transmile Air Services|Malaysia|TH|TSE|TRANSMILE
Transports et Travaux Aériens de Madagascar|Madagascar|OF|TML|TAM AIRLINE
Transwest Air|Canada|9T|ABS|ATHABASKA
Trast Aero|Kyrgyzstan|S5|TSJ|TRAST AERO
Travel Service|Czech Republic|QS|TVS|SKYTRAVEL
Tri-MG Intra Asia Airlines|Indonesia|GY|TMG|TRILINES
TRIP Linhas Aéreas|Brazil|8R|TIB|TRIP
Tropic Air|Belize|PM|TOS|TROPISER
TUIfly Nordic|Sweden|6B|BLX|BLUESCAN
Tulip Air|Netherland|TD|TLP|TULIPAIR
Tunisair|Tunisia|TU|TAR|TUNAIR
Turan Air|Azerbaijan|3T|URN|TURAN
Turkish Airlines|Turkey|TK|THY|TURKISH
Twin Jet|France|T7|TJT|TWINJET
Ukraine International Airlines|Ukraine|PS|AUI|UKRAINE INTERNATIONAL
Ukrainian Cargo Airways|Ukraine|6Z|UKS|CARGOTRANS
UM Airlines|Ukraine|UF|UKM|UKRAINE MEDITERRANEE
United Airlines|United States|UA|UAL|UNITED
United Feeder Service|United States|U2|UFS|FEEDER EXPRESS
United Parcel Service|United States|5X|UPS|UPS
Ural Airlines|Russia|U6|SVR|SVERDLOVSK AIR
US Airways|United States|US|AWE|CACTUS
US Helicopter|United States|UH|USH|US-HELI
USA Jet Airlines|United States|U7|JUS|JET USA
USA3000 Airlines|United States|U5|GWY|GETAWAY
UTair Aviation|Russia|UT|UTA|UTAIR
Uzbekistan Airways|Uzbekistan|HY|UZB|UZBEK
V Australia Airlines|Australia|VA|VAU|VEE-OZ
Valuair|Singapore|VF|VLU|VALUAIR
ValuJet Airlines|United States|J7|VJA|CRITTER
Varig Logística|Brazil|LC|VLO|VELOG
VASP|Brazil|VP|VSP|VASP
Viaggio Air|Bulgaria|VM|VOA|VIAGGIO
Vietnam Airlines|Vietnam|VN|HVN|VIET NAM AIRLINES
VIM Airlines|Russia|NN|MOV|MOV AIR
Virgin America|United States|VX|VRD|REDWOOD
Virgin Atlantic Airways|United Kingdom|VS|VIR|VIRGIN
Virgin Blue|Australia|DJ|VOZ|VIRGIN
Virgin Blue Holdings|Australia|DJ|VBH|BLUEY
Virgin Express|Belgium|TV|VEX|VIRGIN EXPRESS
Virgin Nigeria Airways|Nigeria|VK|VGN|VIRGIN NIGERIA
Vision Airlines|United States|V2|RBY|RUBY
Viva Macau|Macao|ZG|VVM|JACKPOT
Vladivostok Air|Russia|XF|VLK|VLADAIR
VLM Airlines|Belgium|VG|VLM|RUBENS
Volare Airlines|Italy|VE|VLE|VOLA
Volaris|Mexico|Y4|VOI|VOLARIS
Volga-Dnepr Airlines|Russia|VI|VDA|VOLGA-DNEPR
Voyageur Airways|Canada|VC|VAL|VOYAGEUR
VRG Linhas Aéreas|Brazil|RG|VRN|VARIG
Vueling Airlines|Spain|VY|VLG|VUELING
Wasaya Airways|Canada|WT|WSG|WASAYA
Wataniya Airways|Kuwait|KW|WAN|WATANIYA
WDL Aviation|Germany|W1|WDL|WDL
WebJet Linhas Aéreas|Brazil|WJ|WEB|WEB-BRASIL
Welcome Air|Austria|2W|WLC|WELCOMEAIR
West Air Sweden|Sweden|PT|SWN|AIR SWEDEN
West Caribbean Airways|Colombia|YH|WCW|WEST
Western Airlines|United States|WA|WAL|WESTERN
WestJet|Canada|WS|WJA|WESTJET
Westward Airways|United States|CN|WWD|WESTWARD
Widerøe|Norway|WF|WIF|WIDEROE
Wind Jet|Italy|IV|JET|GHIBLI
Wings Air|Indonesia|1W|WON|WINGS ABADI
Wings of Alaska|United States|K5|WAK|WINGS ALASKA
Wizz Air|Bulgaria|W6|WVL|WIZZBUL
World Airways|United States|WO|WOA|WORLD
Wright Air Service|United States|8V|WRF|WRIGHT FLYER
Xiamen Airlines|China|MF|CXA|XIAMEN AIR
XL Airways France|France|SE|SEU|STARWAY
Xtra Airways|United States|XP|CXP|CASINO EXPRESS
Yamal Airlines|Russia|YL|LLM|YAMAL
Yangtze River Express|China|Y8|YZR|YANGTZE RIVER
Yemenia|Yemen|IY|IYE|YEMENI
Yuzhmashavia|Ukraine|2N|UMK|YUZMASH
Zambian Airways|Zambia|Q3|MBN|ZAMBIANA
Zimex Aviation|Switzerland|C4|IMX|ZIMEX
Zip|Canada|3J|WZP|ZIPPER
Zoom Airlines|Canada|Z4|OOM|ZOOM
